time,open,high,low,close,Volume
2022-01-02T17:00:00-05:00,1.13734,1.1376,1.13673,1.13744,2451
2022-01-02T18:00:00-05:00,1.13741,1.13787,1.13695,1.1373,5655
2022-01-02T19:00:00-05:00,1.1373,1.13759,1.13611,1.13621,4037
2022-01-02T20:00:00-05:00,1.13622,1.13654,1.13499,1.13586,5302
2022-01-02T21:00:00-05:00,1.13586,1.13586,1.13426,1.13428,5125
2022-01-02T22:00:00-05:00,1.13428,1.13501,1.13412,1.13485,3856
2022-01-02T23:00:00-05:00,1.13485,1.13491,1.13387,1.13407,3496
2022-01-03T00:00:00-05:00,1.13407,1.13413,1.13362,1.1338,3166
2022-01-03T01:00:00-05:00,1.13381,1.13464,1.13379,1.13433,4163
2022-01-03T02:00:00-05:00,1.13433,1.13502,1.13351,1.13483,8171
2022-01-03T03:00:00-05:00,1.13483,1.13483,1.13353,1.13467,12396
2022-01-03T04:00:00-05:00,1.13466,1.13564,1.13358,1.13519,11172
2022-01-03T05:00:00-05:00,1.13519,1.13599,1.13507,1.13554,9038
2022-01-03T06:00:00-05:00,1.13555,1.13664,1.13518,1.13557,11231
2022-01-03T07:00:00-05:00,1.13558,1.13596,1.13468,1.13589,11428
2022-01-03T08:00:00-05:00,1.1359,1.13644,1.1346,1.13509,15227
2022-01-03T09:00:00-05:00,1.13509,1.1352,1.13002,1.13062,15839
2022-01-03T10:00:00-05:00,1.13065,1.13094,1.12905,1.12919,15379
2022-01-03T11:00:00-05:00,1.12919,1.12989,1.12828,1.12888,15022
2022-01-03T12:00:00-05:00,1.12888,1.129,1.12796,1.12839,8550
2022-01-03T13:00:00-05:00,1.12839,1.1297,1.12832,1.12948,4586
2022-01-03T14:00:00-05:00,1.1295,1.12998,1.12939,1.12974,4759
2022-01-03T15:00:00-05:00,1.12973,1.13004,1.1294,1.12966,4455
2022-01-03T16:00:00-05:00,1.12967,1.12991,1.12936,1.12943,769
2022-01-03T17:00:00-05:00,1.12946,1.12965,1.12936,1.12947,4192
2022-01-03T18:00:00-05:00,1.12946,1.13022,1.12946,1.13017,1382
2022-01-03T19:00:00-05:00,1.13018,1.13066,1.13012,1.13056,1514
2022-01-03T20:00:00-05:00,1.13057,1.13086,1.13012,1.13063,2083
2022-01-03T21:00:00-05:00,1.13063,1.13093,1.12996,1.13021,2303
2022-01-03T22:00:00-05:00,1.1302,1.13042,1.12954,1.12976,2183
2022-01-03T23:00:00-05:00,1.12977,1.13055,1.12962,1.13005,1467
2022-01-04T00:00:00-05:00,1.13004,1.13056,1.13003,1.13047,1440
2022-01-04T01:00:00-05:00,1.13047,1.1307,1.12919,1.1293,2084
2022-01-04T02:00:00-05:00,1.12931,1.12942,1.12831,1.12913,4870
2022-01-04T03:00:00-05:00,1.12914,1.13002,1.12871,1.12894,7111
2022-01-04T04:00:00-05:00,1.12893,1.1308,1.1283,1.13018,6705
2022-01-04T05:00:00-05:00,1.13017,1.13055,1.12943,1.12944,5343
2022-01-04T06:00:00-05:00,1.12945,1.12962,1.12759,1.12759,7418
2022-01-04T07:00:00-05:00,1.12759,1.12832,1.12722,1.12729,7575
2022-01-04T08:00:00-05:00,1.12728,1.12897,1.12728,1.12798,7174
2022-01-04T09:00:00-05:00,1.128,1.12879,1.12773,1.12846,6734
2022-01-04T10:00:00-05:00,1.1285,1.13223,1.12834,1.13088,11884
2022-01-04T11:00:00-05:00,1.13089,1.13155,1.12854,1.12944,8296
2022-01-04T12:00:00-05:00,1.12943,1.12958,1.12882,1.12935,3521
2022-01-04T13:00:00-05:00,1.12936,1.12941,1.12793,1.128,2833
2022-01-04T14:00:00-05:00,1.128,1.12928,1.12778,1.12874,3228
2022-01-04T15:00:00-05:00,1.12875,1.12892,1.12806,1.12844,2865
2022-01-04T16:00:00-05:00,1.12843,1.12878,1.12811,1.1285,1234
2022-01-04T17:00:00-05:00,1.12833,1.12868,1.12822,1.12837,993
2022-01-04T18:00:00-05:00,1.12832,1.12864,1.12817,1.12828,768
2022-01-04T19:00:00-05:00,1.12827,1.12855,1.12769,1.1277,1009
2022-01-04T20:00:00-05:00,1.12771,1.12885,1.12771,1.12855,2249
2022-01-04T21:00:00-05:00,1.12854,1.12941,1.12848,1.12919,2003
2022-01-04T22:00:00-05:00,1.1292,1.12966,1.1291,1.12956,1049
2022-01-04T23:00:00-05:00,1.12955,1.12956,1.12881,1.12886,1603
2022-01-05T00:00:00-05:00,1.12886,1.12946,1.12872,1.12937,1372
2022-01-05T01:00:00-05:00,1.12936,1.1301,1.12928,1.12957,1908
2022-01-05T02:00:00-05:00,1.12956,1.13025,1.12946,1.12985,3705
2022-01-05T03:00:00-05:00,1.12986,1.13108,1.12965,1.13028,6228
2022-01-05T04:00:00-05:00,1.13027,1.13085,1.12998,1.1306,5465
2022-01-05T05:00:00-05:00,1.13059,1.13139,1.13042,1.13079,5934
2022-01-05T06:00:00-05:00,1.13078,1.13236,1.13064,1.13188,5295
2022-01-05T07:00:00-05:00,1.13189,1.13257,1.13046,1.13076,6785
2022-01-05T08:00:00-05:00,1.13077,1.13286,1.1303,1.13236,12750
2022-01-05T09:00:00-05:00,1.13237,1.13385,1.1321,1.13355,7798
2022-01-05T10:00:00-05:00,1.13354,1.13439,1.13323,1.13369,7114
2022-01-05T11:00:00-05:00,1.13368,1.13394,1.13226,1.13339,5458
2022-01-05T12:00:00-05:00,1.1334,1.13462,1.13331,1.13412,4022
2022-01-05T13:00:00-05:00,1.13411,1.13443,1.13354,1.13371,2372
2022-01-05T14:00:00-05:00,1.13372,1.13395,1.13079,1.13101,10539
2022-01-05T15:00:00-05:00,1.13102,1.13129,1.13021,1.13109,4726
2022-01-05T16:00:00-05:00,1.13106,1.13134,1.13077,1.13118,1158
2022-01-05T17:00:00-05:00,1.13088,1.13139,1.13081,1.13087,2891
2022-01-05T18:00:00-05:00,1.1309,1.13141,1.13087,1.13105,891
2022-01-05T19:00:00-05:00,1.13106,1.13131,1.13074,1.13079,1391
2022-01-05T20:00:00-05:00,1.1308,1.13185,1.13047,1.13164,1866
2022-01-05T21:00:00-05:00,1.13165,1.13204,1.13118,1.1319,2598
2022-01-05T22:00:00-05:00,1.13189,1.13189,1.13084,1.13149,1983
2022-01-05T23:00:00-05:00,1.1315,1.13161,1.13112,1.13125,1800
2022-01-06T00:00:00-05:00,1.13125,1.13126,1.13069,1.1309,2056
2022-01-06T01:00:00-05:00,1.1309,1.1309,1.1296,1.1297,2717
2022-01-06T02:00:00-05:00,1.12969,1.12972,1.12844,1.12894,5774
2022-01-06T03:00:00-05:00,1.12895,1.13092,1.12845,1.12935,8118
2022-01-06T04:00:00-05:00,1.12936,1.13084,1.12885,1.13051,6032
2022-01-06T05:00:00-05:00,1.1305,1.13267,1.13044,1.1312,7073
2022-01-06T06:00:00-05:00,1.13121,1.13213,1.13019,1.13131,5681
2022-01-06T07:00:00-05:00,1.13132,1.13181,1.13046,1.13132,6440
2022-01-06T08:00:00-05:00,1.13133,1.13198,1.13028,1.13121,8516
2022-01-06T09:00:00-05:00,1.1312,1.13316,1.13061,1.13219,8935
2022-01-06T10:00:00-05:00,1.13222,1.13292,1.12928,1.12956,11351
2022-01-06T11:00:00-05:00,1.12955,1.1309,1.129,1.1307,6552
2022-01-06T12:00:00-05:00,1.13069,1.1309,1.12932,1.12957,4269
2022-01-06T13:00:00-05:00,1.12956,1.12976,1.12879,1.12915,2865
2022-01-06T14:00:00-05:00,1.12914,1.12995,1.12865,1.12866,2954
2022-01-06T15:00:00-05:00,1.12867,1.12939,1.1286,1.12911,2525
2022-01-06T16:00:00-05:00,1.12911,1.12997,1.12871,1.12924,1438
2022-01-06T17:00:00-05:00,1.12948,1.12971,1.12916,1.12956,906
2022-01-06T18:00:00-05:00,1.12957,1.12981,1.12937,1.12947,1228
2022-01-06T19:00:00-05:00,1.12948,1.12976,1.12899,1.12956,1386
2022-01-06T20:00:00-05:00,1.12957,1.13005,1.12957,1.13005,1870
2022-01-06T21:00:00-05:00,1.13004,1.13016,1.1295,1.12955,1810
2022-01-06T22:00:00-05:00,1.12956,1.13016,1.12955,1.12989,971
2022-01-06T23:00:00-05:00,1.12988,1.1303,1.12979,1.13009,770
2022-01-07T00:00:00-05:00,1.13005,1.13032,1.12998,1.1302,986
2022-01-07T01:00:00-05:00,1.13021,1.1303,1.1298,1.12989,1454
2022-01-07T02:00:00-05:00,1.12988,1.13059,1.12979,1.13054,3262
2022-01-07T03:00:00-05:00,1.13053,1.13151,1.13013,1.13119,5323
2022-01-07T04:00:00-05:00,1.1312,1.13173,1.13093,1.13148,4840
2022-01-07T05:00:00-05:00,1.13149,1.1319,1.13034,1.13059,4061
2022-01-07T06:00:00-05:00,1.13059,1.13079,1.13007,1.13043,3560
2022-01-07T07:00:00-05:00,1.13044,1.13049,1.12959,1.12972,3899
2022-01-07T08:00:00-05:00,1.12971,1.13225,1.12922,1.13015,20344
2022-01-07T09:00:00-05:00,1.13016,1.13342,1.12987,1.133,11817
2022-01-07T10:00:00-05:00,1.133,1.13491,1.13293,1.1347,8355
2022-01-07T11:00:00-05:00,1.13471,1.13569,1.13375,1.13562,6554
2022-01-07T12:00:00-05:00,1.13563,1.13583,1.13492,1.13566,4464
2022-01-07T13:00:00-05:00,1.13565,1.13619,1.13547,1.13573,2881
2022-01-07T14:00:00-05:00,1.13572,1.13645,1.13565,1.13626,2366
2022-01-07T15:00:00-05:00,1.13627,1.13641,1.13571,1.13612,2390
2022-01-07T16:00:00-05:00,1.13611,1.13618,1.13582,1.13593,1422
2022-01-09T17:00:00-05:00,1.13543,1.13585,1.13514,1.13559,2416
2022-01-09T18:00:00-05:00,1.13554,1.13606,1.13495,1.13532,2365
2022-01-09T19:00:00-05:00,1.13532,1.13579,1.13515,1.13549,1145
2022-01-09T20:00:00-05:00,1.13548,1.13563,1.13497,1.13501,2130
2022-01-09T21:00:00-05:00,1.13502,1.13518,1.1339,1.13393,1650
2022-01-09T22:00:00-05:00,1.13394,1.13396,1.13335,1.13374,1402
2022-01-09T23:00:00-05:00,1.13373,1.13406,1.13331,1.1334,909
2022-01-10T00:00:00-05:00,1.13339,1.13352,1.13318,1.13347,734
2022-01-10T01:00:00-05:00,1.13347,1.13352,1.13263,1.13332,1555
2022-01-10T02:00:00-05:00,1.13333,1.13362,1.13269,1.13289,4472
2022-01-10T03:00:00-05:00,1.1329,1.13359,1.13205,1.13355,8576
2022-01-10T04:00:00-05:00,1.13356,1.13444,1.13256,1.13264,6412
2022-01-10T05:00:00-05:00,1.13263,1.13341,1.13223,1.13295,5762
2022-01-10T06:00:00-05:00,1.13294,1.13361,1.13222,1.13253,5444
2022-01-10T07:00:00-05:00,1.13252,1.13293,1.13115,1.1316,6512
2022-01-10T08:00:00-05:00,1.13161,1.13242,1.12948,1.12968,9891
2022-01-10T09:00:00-05:00,1.12967,1.12977,1.12848,1.12969,7915
2022-01-10T10:00:00-05:00,1.12945,1.13271,1.12925,1.13184,8058
2022-01-10T11:00:00-05:00,1.13184,1.13286,1.1316,1.13273,4723
2022-01-10T12:00:00-05:00,1.13274,1.13346,1.13272,1.13291,3428
2022-01-10T13:00:00-05:00,1.13292,1.13309,1.13208,1.13221,3172
2022-01-10T14:00:00-05:00,1.13222,1.13268,1.13198,1.13232,2925
2022-01-10T15:00:00-05:00,1.13231,1.13299,1.1322,1.1326,3213
2022-01-10T16:00:00-05:00,1.13258,1.13299,1.13207,1.13217,1176
2022-01-10T17:00:00-05:00,1.13236,1.13284,1.13195,1.13263,1131
2022-01-10T18:00:00-05:00,1.1326,1.13325,1.13259,1.13299,914
2022-01-10T19:00:00-05:00,1.13298,1.13346,1.13283,1.13328,1548
2022-01-10T20:00:00-05:00,1.13327,1.13416,1.13321,1.13362,3399
2022-01-10T21:00:00-05:00,1.13363,1.13435,1.13344,1.13379,1793
2022-01-10T22:00:00-05:00,1.1338,1.13424,1.13369,1.13414,1659
2022-01-10T23:00:00-05:00,1.13413,1.13415,1.13375,1.13408,1170
2022-01-11T00:00:00-05:00,1.13407,1.13441,1.13382,1.13386,1229
2022-01-11T01:00:00-05:00,1.13387,1.13432,1.13315,1.1336,2343
2022-01-11T02:00:00-05:00,1.13361,1.13444,1.13346,1.13414,5314
2022-01-11T03:00:00-05:00,1.13413,1.13515,1.13389,1.13491,6877
2022-01-11T04:00:00-05:00,1.13492,1.13518,1.13285,1.13331,6221
2022-01-11T05:00:00-05:00,1.13332,1.13387,1.13263,1.13301,5448
2022-01-11T06:00:00-05:00,1.13302,1.13434,1.13258,1.13385,4633
2022-01-11T07:00:00-05:00,1.13386,1.1342,1.13303,1.13309,5780
2022-01-11T08:00:00-05:00,1.1331,1.13384,1.1323,1.13257,6317
2022-01-11T09:00:00-05:00,1.13258,1.13302,1.13127,1.13232,6781
2022-01-11T10:00:00-05:00,1.13232,1.13451,1.13226,1.134,7119
2022-01-11T11:00:00-05:00,1.13401,1.13685,1.134,1.13618,9203
2022-01-11T12:00:00-05:00,1.13617,1.13631,1.13527,1.13539,3967
2022-01-11T13:00:00-05:00,1.13538,1.13683,1.13519,1.13665,3260
2022-01-11T14:00:00-05:00,1.13664,1.13751,1.13626,1.13666,3513
2022-01-11T15:00:00-05:00,1.13665,1.13691,1.13637,1.13655,3221
2022-01-11T16:00:00-05:00,1.13653,1.13695,1.1364,1.1364,1166
2022-01-11T17:00:00-05:00,1.13666,1.1369,1.13654,1.13676,605
2022-01-11T18:00:00-05:00,1.13677,1.13709,1.13656,1.13658,1028
2022-01-11T19:00:00-05:00,1.13657,1.13732,1.13657,1.13707,1265
2022-01-11T20:00:00-05:00,1.13708,1.13719,1.13641,1.13698,2000
2022-01-11T21:00:00-05:00,1.13697,1.13734,1.13677,1.13718,1620
2022-01-11T22:00:00-05:00,1.13719,1.13753,1.13712,1.13745,1244
2022-01-11T23:00:00-05:00,1.13744,1.13748,1.13723,1.13725,711
2022-01-12T00:00:00-05:00,1.13724,1.13778,1.13724,1.1373,1567
2022-01-12T01:00:00-05:00,1.13731,1.13749,1.1364,1.1364,1721
2022-01-12T02:00:00-05:00,1.13639,1.13674,1.1355,1.13582,4116
2022-01-12T03:00:00-05:00,1.13583,1.13689,1.13549,1.13667,5671
2022-01-12T04:00:00-05:00,1.13668,1.13733,1.13622,1.1367,5237
2022-01-12T05:00:00-05:00,1.13669,1.1368,1.13545,1.13571,4726
2022-01-12T06:00:00-05:00,1.1357,1.1365,1.1356,1.13614,4186
2022-01-12T07:00:00-05:00,1.13615,1.13664,1.13596,1.13633,4740
2022-01-12T08:00:00-05:00,1.13632,1.14151,1.13613,1.14097,17934
2022-01-12T09:00:00-05:00,1.14098,1.14177,1.13944,1.14156,11123
2022-01-12T10:00:00-05:00,1.14158,1.14249,1.14119,1.14203,9351
2022-01-12T11:00:00-05:00,1.14206,1.14318,1.14186,1.14312,7126
2022-01-12T12:00:00-05:00,1.14313,1.1445,1.14284,1.14436,5155
2022-01-12T13:00:00-05:00,1.14437,1.14449,1.14382,1.14386,3459
2022-01-12T14:00:00-05:00,1.14385,1.14526,1.14381,1.14498,4417
2022-01-12T15:00:00-05:00,1.14497,1.14508,1.14441,1.14494,2945
2022-01-12T16:00:00-05:00,1.14497,1.14503,1.14385,1.14398,1794
2022-01-12T17:00:00-05:00,1.144,1.1442,1.14391,1.1441,458
2022-01-12T18:00:00-05:00,1.14408,1.14447,1.14394,1.14394,1049
2022-01-12T19:00:00-05:00,1.14394,1.1448,1.14391,1.14411,1815
2022-01-12T20:00:00-05:00,1.14412,1.14447,1.14356,1.14388,2547
2022-01-12T21:00:00-05:00,1.14387,1.14457,1.1438,1.14419,1811
2022-01-12T22:00:00-05:00,1.14418,1.14432,1.14355,1.1442,1583
2022-01-12T23:00:00-05:00,1.14421,1.14471,1.1442,1.14424,1337
2022-01-13T00:00:00-05:00,1.14421,1.14461,1.14404,1.1441,1307
2022-01-13T01:00:00-05:00,1.1441,1.14428,1.14382,1.14385,1796
2022-01-13T02:00:00-05:00,1.14386,1.14662,1.14384,1.14646,5891
2022-01-13T03:00:00-05:00,1.14645,1.14781,1.14621,1.14661,8179
2022-01-13T04:00:00-05:00,1.14662,1.14747,1.14583,1.14712,6209
2022-01-13T05:00:00-05:00,1.14711,1.14774,1.14572,1.14605,6288
2022-01-13T06:00:00-05:00,1.14604,1.14696,1.14583,1.14623,5358
2022-01-13T07:00:00-05:00,1.14624,1.14695,1.14531,1.14583,6497
2022-01-13T08:00:00-05:00,1.14584,1.14718,1.14577,1.14718,9016
2022-01-13T09:00:00-05:00,1.14719,1.14815,1.14682,1.14736,7314
2022-01-13T10:00:00-05:00,1.14738,1.14773,1.1447,1.14603,9097
2022-01-13T11:00:00-05:00,1.14604,1.14717,1.14565,1.14652,7003
2022-01-13T12:00:00-05:00,1.14651,1.1467,1.14548,1.14611,4175
2022-01-13T13:00:00-05:00,1.14611,1.14661,1.14575,1.14584,3398
2022-01-13T14:00:00-05:00,1.14585,1.1465,1.14573,1.14614,3001
2022-01-13T15:00:00-05:00,1.14613,1.14621,1.14506,1.14521,3118
2022-01-13T16:00:00-05:00,1.14519,1.14555,1.14508,1.14531,1186
2022-01-13T17:00:00-05:00,1.14534,1.14571,1.14531,1.14554,1422
2022-01-13T18:00:00-05:00,1.14555,1.14592,1.14536,1.14565,1173
2022-01-13T19:00:00-05:00,1.14564,1.14585,1.14511,1.14562,1967
2022-01-13T20:00:00-05:00,1.14561,1.1468,1.1456,1.1466,3979
2022-01-13T21:00:00-05:00,1.14661,1.14711,1.14624,1.14711,3012
2022-01-13T22:00:00-05:00,1.1471,1.14755,1.14688,1.14735,2432
2022-01-13T23:00:00-05:00,1.14736,1.14764,1.14709,1.14735,1676
2022-01-14T00:00:00-05:00,1.14734,1.14826,1.14734,1.14787,2429
2022-01-14T01:00:00-05:00,1.14787,1.14805,1.14689,1.14696,3260
2022-01-14T02:00:00-05:00,1.14695,1.1472,1.146,1.14657,5609
2022-01-14T03:00:00-05:00,1.14656,1.14744,1.14622,1.14681,7648
2022-01-14T04:00:00-05:00,1.1468,1.14688,1.14571,1.14581,6201
2022-01-14T05:00:00-05:00,1.1458,1.14608,1.14538,1.14567,4064
2022-01-14T06:00:00-05:00,1.14566,1.14591,1.14483,1.14518,4136
2022-01-14T07:00:00-05:00,1.14517,1.14561,1.14418,1.14435,6370
2022-01-14T08:00:00-05:00,1.14434,1.14549,1.1433,1.1438,12526
2022-01-14T09:00:00-05:00,1.14379,1.14497,1.14298,1.14418,10371
2022-01-14T10:00:00-05:00,1.14415,1.14421,1.14237,1.1433,8883
2022-01-14T11:00:00-05:00,1.14329,1.14356,1.14089,1.14141,6771
2022-01-14T12:00:00-05:00,1.1414,1.14141,1.13984,1.14018,6011
2022-01-14T13:00:00-05:00,1.14019,1.14112,1.14011,1.14096,2921
2022-01-14T14:00:00-05:00,1.14097,1.14176,1.14066,1.14151,2650
2022-01-14T15:00:00-05:00,1.14151,1.14176,1.1413,1.14145,3406
2022-01-14T16:00:00-05:00,1.14148,1.14167,1.14091,1.14098,2104
2022-01-16T17:00:00-05:00,1.14146,1.1416,1.14092,1.14153,693
2022-01-16T18:00:00-05:00,1.14154,1.14156,1.14055,1.14111,2283
2022-01-16T19:00:00-05:00,1.14111,1.14114,1.14032,1.14073,2017
2022-01-16T20:00:00-05:00,1.14074,1.14084,1.13999,1.14045,2994
2022-01-16T21:00:00-05:00,1.14045,1.14176,1.14036,1.14156,2355
2022-01-16T22:00:00-05:00,1.14157,1.14196,1.14142,1.14181,1294
2022-01-16T23:00:00-05:00,1.14182,1.14212,1.14162,1.14189,1169
2022-01-17T00:00:00-05:00,1.14188,1.14223,1.14163,1.14187,1403
2022-01-17T01:00:00-05:00,1.14188,1.14204,1.14118,1.14124,1673
2022-01-17T02:00:00-05:00,1.14123,1.14277,1.14122,1.14249,3685
2022-01-17T03:00:00-05:00,1.1425,1.14342,1.14214,1.14282,5350
2022-01-17T04:00:00-05:00,1.14283,1.14328,1.14169,1.14237,5255
2022-01-17T05:00:00-05:00,1.14236,1.14254,1.14147,1.14198,3490
2022-01-17T06:00:00-05:00,1.14198,1.14264,1.14061,1.14139,5319
2022-01-17T07:00:00-05:00,1.14139,1.14164,1.13949,1.13961,5674
2022-01-17T08:00:00-05:00,1.13962,1.14059,1.13916,1.14013,6640
2022-01-17T09:00:00-05:00,1.14014,1.14145,1.13954,1.14114,6117
2022-01-17T10:00:00-05:00,1.14115,1.14116,1.13968,1.14037,6219
2022-01-17T11:00:00-05:00,1.14038,1.14096,1.14005,1.14094,3744
2022-01-17T12:00:00-05:00,1.14095,1.14156,1.14084,1.14116,2740
2022-01-17T13:00:00-05:00,1.14116,1.14132,1.14078,1.14078,747
2022-01-17T14:00:00-05:00,1.14077,1.14078,1.14046,1.14048,628
2022-01-17T15:00:00-05:00,1.14047,1.14092,1.14046,1.14065,677
2022-01-17T16:00:00-05:00,1.14065,1.14074,1.14033,1.14034,734
2022-01-17T17:00:00-05:00,1.14055,1.14079,1.14045,1.14073,1161
2022-01-17T18:00:00-05:00,1.14063,1.141,1.1404,1.14099,680
2022-01-17T19:00:00-05:00,1.14098,1.14188,1.14077,1.14187,1573
2022-01-17T20:00:00-05:00,1.14186,1.14206,1.14154,1.14188,2216
2022-01-17T21:00:00-05:00,1.14189,1.1421,1.14139,1.14184,3111
2022-01-17T22:00:00-05:00,1.14185,1.14213,1.13849,1.13923,5724
2022-01-17T23:00:00-05:00,1.13924,1.14017,1.1391,1.14013,3626
2022-01-18T00:00:00-05:00,1.14012,1.14013,1.13923,1.13969,2816
2022-01-18T01:00:00-05:00,1.13968,1.14043,1.13937,1.1401,3331
2022-01-18T02:00:00-05:00,1.14009,1.14044,1.1392,1.13971,7977
2022-01-18T03:00:00-05:00,1.1397,1.14057,1.13869,1.13946,9552
2022-01-18T04:00:00-05:00,1.13947,1.14009,1.13857,1.13948,7966
2022-01-18T05:00:00-05:00,1.13947,1.13992,1.13898,1.13899,5373
2022-01-18T06:00:00-05:00,1.13898,1.1392,1.13831,1.13863,5134
2022-01-18T07:00:00-05:00,1.13864,1.13917,1.13811,1.13816,6999
2022-01-18T08:00:00-05:00,1.13817,1.13827,1.13628,1.1378,10353
2022-01-18T09:00:00-05:00,1.13781,1.13785,1.13564,1.13667,8825
2022-01-18T10:00:00-05:00,1.13667,1.13668,1.13429,1.13429,8674
2022-01-18T11:00:00-05:00,1.1343,1.13438,1.13263,1.13341,7600
2022-01-18T12:00:00-05:00,1.13342,1.13351,1.13203,1.13223,5482
2022-01-18T13:00:00-05:00,1.13224,1.133,1.13188,1.13271,4025
2022-01-18T14:00:00-05:00,1.1327,1.13344,1.13252,1.13268,4451
2022-01-18T15:00:00-05:00,1.13267,1.13321,1.13145,1.13172,3697
2022-01-18T16:00:00-05:00,1.1317,1.13278,1.13167,1.1324,1895
2022-01-18T17:00:00-05:00,1.13226,1.13277,1.13215,1.13277,1922
2022-01-18T18:00:00-05:00,1.13276,1.13304,1.13247,1.13285,1222
2022-01-18T19:00:00-05:00,1.13288,1.13295,1.13195,1.13289,2675
2022-01-18T20:00:00-05:00,1.1329,1.13296,1.13187,1.1322,3039
2022-01-18T21:00:00-05:00,1.13221,1.13278,1.13199,1.13224,3122
2022-01-18T22:00:00-05:00,1.13223,1.13298,1.13209,1.13274,2153
2022-01-18T23:00:00-05:00,1.13273,1.13313,1.13254,1.13302,1570
2022-01-19T00:00:00-05:00,1.13302,1.13335,1.13283,1.13299,1842
2022-01-19T01:00:00-05:00,1.133,1.13361,1.13268,1.13339,2567
2022-01-19T02:00:00-05:00,1.13338,1.13426,1.13288,1.13305,7326
2022-01-19T03:00:00-05:00,1.13306,1.13382,1.13292,1.1333,7239
2022-01-19T04:00:00-05:00,1.13331,1.1348,1.13316,1.13397,6109
2022-01-19T05:00:00-05:00,1.13398,1.13496,1.13365,1.13467,4167
2022-01-19T06:00:00-05:00,1.13468,1.13483,1.13375,1.13376,4763
2022-01-19T07:00:00-05:00,1.13376,1.13425,1.13328,1.1334,4411
2022-01-19T08:00:00-05:00,1.13341,1.13505,1.1334,1.13438,8046
2022-01-19T09:00:00-05:00,1.13439,1.13538,1.13368,1.13438,8082
2022-01-19T10:00:00-05:00,1.13439,1.13523,1.13358,1.13444,6687
2022-01-19T11:00:00-05:00,1.13445,1.13569,1.13424,1.13449,5939
2022-01-19T12:00:00-05:00,1.1345,1.13504,1.134,1.13438,3796
2022-01-19T13:00:00-05:00,1.13439,1.13508,1.13415,1.13481,3482
2022-01-19T14:00:00-05:00,1.1348,1.13531,1.13448,1.1351,3074
2022-01-19T15:00:00-05:00,1.13509,1.13546,1.1345,1.13454,2783
2022-01-19T16:00:00-05:00,1.13454,1.13481,1.13409,1.13409,1496
2022-01-19T17:00:00-05:00,1.13409,1.13459,1.13404,1.13412,884
2022-01-19T18:00:00-05:00,1.13413,1.13433,1.13402,1.13428,811
2022-01-19T19:00:00-05:00,1.13428,1.13519,1.13428,1.13509,1668
2022-01-19T20:00:00-05:00,1.13508,1.13651,1.13493,1.13598,4079
2022-01-19T21:00:00-05:00,1.13598,1.13608,1.13507,1.13547,2899
2022-01-19T22:00:00-05:00,1.13546,1.13561,1.13502,1.13533,1842
2022-01-19T23:00:00-05:00,1.13532,1.13533,1.13483,1.13506,1221
2022-01-20T00:00:00-05:00,1.13505,1.13528,1.13453,1.13496,2106
2022-01-20T01:00:00-05:00,1.13495,1.13526,1.13473,1.13499,1978
2022-01-20T02:00:00-05:00,1.13498,1.13666,1.13484,1.13596,4880
2022-01-20T03:00:00-05:00,1.13595,1.13687,1.13522,1.13545,6143
2022-01-20T04:00:00-05:00,1.13544,1.13567,1.13431,1.13473,5634
2022-01-20T05:00:00-05:00,1.13474,1.13513,1.13415,1.13456,4944
2022-01-20T06:00:00-05:00,1.13455,1.13466,1.13328,1.134,4951
2022-01-20T07:00:00-05:00,1.13399,1.1341,1.1331,1.13387,4924
2022-01-20T08:00:00-05:00,1.13386,1.13577,1.13361,1.13514,8359
2022-01-20T09:00:00-05:00,1.13515,1.13574,1.13318,1.13446,7521
2022-01-20T10:00:00-05:00,1.13445,1.1353,1.13285,1.13478,9771
2022-01-20T11:00:00-05:00,1.13477,1.1353,1.13319,1.13352,6897
2022-01-20T12:00:00-05:00,1.13353,1.13415,1.13261,1.13269,3941
2022-01-20T13:00:00-05:00,1.1327,1.13292,1.13147,1.13177,3472
2022-01-20T14:00:00-05:00,1.13178,1.13195,1.13113,1.13121,2755
2022-01-20T15:00:00-05:00,1.13122,1.13184,1.13029,1.13037,3931
2022-01-20T16:00:00-05:00,1.13039,1.13111,1.13037,1.13088,2177
2022-01-20T17:00:00-05:00,1.13092,1.13123,1.13084,1.13121,1552
2022-01-20T18:00:00-05:00,1.1312,1.13137,1.13075,1.13127,2046
2022-01-20T19:00:00-05:00,1.13129,1.13169,1.1302,1.13036,2938
2022-01-20T20:00:00-05:00,1.13037,1.13176,1.13007,1.13171,3817
2022-01-20T21:00:00-05:00,1.13172,1.13349,1.13154,1.13344,3882
2022-01-20T22:00:00-05:00,1.13343,1.13344,1.13248,1.13256,2863
2022-01-20T23:00:00-05:00,1.13255,1.13268,1.13234,1.13244,1643
2022-01-21T00:00:00-05:00,1.13243,1.13258,1.13222,1.13252,1591
2022-01-21T01:00:00-05:00,1.13253,1.13306,1.13247,1.1329,3084
2022-01-21T02:00:00-05:00,1.13289,1.13364,1.13225,1.13285,5866
2022-01-21T03:00:00-05:00,1.13284,1.13398,1.13279,1.13356,7948
2022-01-21T04:00:00-05:00,1.13355,1.13451,1.1331,1.1339,4911
2022-01-21T05:00:00-05:00,1.13389,1.13412,1.13319,1.13387,3970
2022-01-21T06:00:00-05:00,1.13386,1.13391,1.13254,1.13295,4389
2022-01-21T07:00:00-05:00,1.13295,1.13444,1.13259,1.13379,5650
2022-01-21T08:00:00-05:00,1.13378,1.13515,1.13371,1.13498,6373
2022-01-21T09:00:00-05:00,1.13499,1.13596,1.13403,1.135,6637
2022-01-21T10:00:00-05:00,1.13497,1.13532,1.13368,1.13458,7055
2022-01-21T11:00:00-05:00,1.1346,1.13531,1.13404,1.13453,5487
2022-01-21T12:00:00-05:00,1.13452,1.13497,1.13394,1.13452,2778
2022-01-21T13:00:00-05:00,1.13453,1.13488,1.13415,1.1344,1993
2022-01-21T14:00:00-05:00,1.13439,1.13462,1.13405,1.13412,1961
2022-01-21T15:00:00-05:00,1.13412,1.13449,1.13382,1.13411,2605
2022-01-21T16:00:00-05:00,1.13414,1.13452,1.13386,1.13391,1960
2022-01-23T17:00:00-05:00,1.13406,1.13439,1.13392,1.13397,971
2022-01-23T18:00:00-05:00,1.13402,1.13448,1.13364,1.13409,1635
2022-01-23T19:00:00-05:00,1.13408,1.13408,1.13324,1.13384,1948
2022-01-23T20:00:00-05:00,1.13383,1.13394,1.13332,1.13369,2065
2022-01-23T21:00:00-05:00,1.1337,1.13377,1.13319,1.13322,2396
2022-01-23T22:00:00-05:00,1.13323,1.13338,1.13273,1.13287,1765
2022-01-23T23:00:00-05:00,1.13287,1.13312,1.13278,1.13295,1071
2022-01-24T00:00:00-05:00,1.13296,1.13299,1.13167,1.13178,2224
2022-01-24T01:00:00-05:00,1.13179,1.13231,1.13145,1.13231,3580
2022-01-24T02:00:00-05:00,1.13232,1.13291,1.13196,1.13236,4636
2022-01-24T03:00:00-05:00,1.13235,1.13322,1.13095,1.13214,8890
2022-01-24T04:00:00-05:00,1.13215,1.13362,1.13208,1.13251,6449
2022-01-24T05:00:00-05:00,1.1325,1.1328,1.13137,1.13184,7443
2022-01-24T06:00:00-05:00,1.13185,1.13216,1.13012,1.1304,5991
2022-01-24T07:00:00-05:00,1.13041,1.13099,1.12966,1.12974,6378
2022-01-24T08:00:00-05:00,1.12973,1.13069,1.12947,1.12955,7639
2022-01-24T09:00:00-05:00,1.12956,1.13034,1.12904,1.12986,7794
2022-01-24T10:00:00-05:00,1.12986,1.13246,1.12912,1.13086,8563
2022-01-24T11:00:00-05:00,1.13088,1.13167,1.13043,1.13104,5270
2022-01-24T12:00:00-05:00,1.13104,1.1329,1.13093,1.13278,3448
2022-01-24T13:00:00-05:00,1.13278,1.13349,1.13273,1.13281,3796
2022-01-24T14:00:00-05:00,1.13282,1.13335,1.13176,1.13197,3691
2022-01-24T15:00:00-05:00,1.13195,1.13241,1.13182,1.13205,2901
2022-01-24T16:00:00-05:00,1.13204,1.13285,1.13179,1.13239,1558
2022-01-24T17:00:00-05:00,1.13225,1.13263,1.13193,1.13249,996
2022-01-24T18:00:00-05:00,1.13248,1.1328,1.13215,1.13236,1977
2022-01-24T19:00:00-05:00,1.13235,1.13239,1.13172,1.13197,2004
2022-01-24T20:00:00-05:00,1.13196,1.13233,1.13162,1.13165,2782
2022-01-24T21:00:00-05:00,1.13166,1.13182,1.13094,1.13126,2214
2022-01-24T22:00:00-05:00,1.13125,1.13137,1.13088,1.13123,1673
2022-01-24T23:00:00-05:00,1.13124,1.13164,1.13097,1.13114,1385
2022-01-25T00:00:00-05:00,1.13115,1.13139,1.13079,1.13098,1198
2022-01-25T01:00:00-05:00,1.13097,1.13111,1.13049,1.13056,2650
2022-01-25T02:00:00-05:00,1.13057,1.13156,1.13013,1.13018,5089
2022-01-25T03:00:00-05:00,1.13018,1.13155,1.12917,1.12975,7930
2022-01-25T04:00:00-05:00,1.12976,1.13001,1.12843,1.12875,7162
2022-01-25T05:00:00-05:00,1.12874,1.12907,1.12798,1.128,4949
2022-01-25T06:00:00-05:00,1.12801,1.1283,1.12684,1.12716,5600
2022-01-25T07:00:00-05:00,1.12717,1.12781,1.12662,1.12676,5682
2022-01-25T08:00:00-05:00,1.12677,1.128,1.12671,1.12755,7817
2022-01-25T09:00:00-05:00,1.12754,1.12806,1.12631,1.1274,6554
2022-01-25T10:00:00-05:00,1.12739,1.1281,1.1269,1.12739,6089
2022-01-25T11:00:00-05:00,1.1274,1.12868,1.12714,1.12842,4179
2022-01-25T12:00:00-05:00,1.12841,1.12888,1.12819,1.12876,2815
2022-01-25T13:00:00-05:00,1.12876,1.12975,1.12861,1.12965,2778
2022-01-25T14:00:00-05:00,1.12966,1.13046,1.12939,1.13037,2937
2022-01-25T15:00:00-05:00,1.13036,1.13068,1.12963,1.13043,2776
2022-01-25T16:00:00-05:00,1.13045,1.13045,1.1299,1.1299,1287
2022-01-25T17:00:00-05:00,1.12987,1.13024,1.12937,1.13017,1362
2022-01-25T18:00:00-05:00,1.13018,1.13058,1.13,1.13028,1347
2022-01-25T19:00:00-05:00,1.13029,1.13057,1.13011,1.13031,1537
2022-01-25T20:00:00-05:00,1.1303,1.13051,1.13015,1.13051,1012
2022-01-25T21:00:00-05:00,1.13052,1.13105,1.13044,1.13061,1894
2022-01-25T22:00:00-05:00,1.1306,1.13093,1.13032,1.13056,1503
2022-01-25T23:00:00-05:00,1.13057,1.13059,1.13005,1.13014,1367
2022-01-26T00:00:00-05:00,1.13013,1.13051,1.13006,1.13043,1041
2022-01-26T01:00:00-05:00,1.13044,1.1305,1.12931,1.12933,2065
2022-01-26T02:00:00-05:00,1.12932,1.12964,1.1289,1.12909,4065
2022-01-26T03:00:00-05:00,1.1291,1.12971,1.12842,1.12879,5797
2022-01-26T04:00:00-05:00,1.12878,1.12913,1.12831,1.12866,4801
2022-01-26T05:00:00-05:00,1.12865,1.12879,1.12761,1.12813,4464
2022-01-26T06:00:00-05:00,1.12814,1.12835,1.12751,1.12786,3812
2022-01-26T07:00:00-05:00,1.12787,1.12858,1.12751,1.12762,4055
2022-01-26T08:00:00-05:00,1.12763,1.12829,1.12715,1.1282,5890
2022-01-26T09:00:00-05:00,1.12821,1.12962,1.12815,1.12836,6483
2022-01-26T10:00:00-05:00,1.12835,1.12876,1.12737,1.12803,5962
2022-01-26T11:00:00-05:00,1.12802,1.1287,1.12778,1.12787,3914
2022-01-26T12:00:00-05:00,1.12786,1.12881,1.12782,1.12878,2523
2022-01-26T13:00:00-05:00,1.12879,1.12943,1.12839,1.12839,2557
2022-01-26T14:00:00-05:00,1.12839,1.13,1.1247,1.12551,16444
2022-01-26T15:00:00-05:00,1.1255,1.1255,1.12352,1.12402,8451
2022-01-26T16:00:00-05:00,1.12402,1.12439,1.12355,1.12373,2217
2022-01-26T17:00:00-05:00,1.12374,1.12414,1.12359,1.12407,1762
2022-01-26T18:00:00-05:00,1.12406,1.12426,1.12354,1.12405,1714
2022-01-26T19:00:00-05:00,1.12406,1.12432,1.12319,1.12337,3402
2022-01-26T20:00:00-05:00,1.12338,1.12343,1.12303,1.12327,3489
2022-01-26T21:00:00-05:00,1.12326,1.12333,1.1226,1.12264,3349
2022-01-26T22:00:00-05:00,1.12263,1.12281,1.12209,1.12211,2604
2022-01-26T23:00:00-05:00,1.12211,1.12267,1.12185,1.12218,2182
2022-01-27T00:00:00-05:00,1.12221,1.12221,1.12153,1.12198,2410
2022-01-27T01:00:00-05:00,1.12197,1.12213,1.12149,1.1219,3418
2022-01-27T02:00:00-05:00,1.12189,1.1219,1.11963,1.11984,7580
2022-01-27T03:00:00-05:00,1.11983,1.12062,1.11929,1.12009,9496
2022-01-27T04:00:00-05:00,1.1201,1.12034,1.11947,1.11961,6313
2022-01-27T05:00:00-05:00,1.1196,1.12009,1.11872,1.11874,5591
2022-01-27T06:00:00-05:00,1.11873,1.11914,1.11522,1.11587,10267
2022-01-27T07:00:00-05:00,1.11588,1.11687,1.1154,1.11571,7910
2022-01-27T08:00:00-05:00,1.11572,1.11618,1.11348,1.11492,13656
2022-01-27T09:00:00-05:00,1.11492,1.11619,1.11453,1.11607,8929
2022-01-27T10:00:00-05:00,1.11609,1.11615,1.11313,1.11492,7615
2022-01-27T11:00:00-05:00,1.11491,1.11616,1.11408,1.11421,7064
2022-01-27T12:00:00-05:00,1.11424,1.11513,1.11364,1.11388,4345
2022-01-27T13:00:00-05:00,1.11389,1.11465,1.11356,1.11443,3689
2022-01-27T14:00:00-05:00,1.11443,1.11467,1.11386,1.11403,2532
2022-01-27T15:00:00-05:00,1.11402,1.11492,1.11397,1.11428,2993
2022-01-27T16:00:00-05:00,1.11424,1.11451,1.11399,1.11415,1101
2022-01-27T17:00:00-05:00,1.11404,1.11441,1.11389,1.11434,912
2022-01-27T18:00:00-05:00,1.11435,1.11465,1.11416,1.11444,1494
2022-01-27T19:00:00-05:00,1.11443,1.11472,1.11379,1.11466,2486
2022-01-27T20:00:00-05:00,1.11465,1.11482,1.11431,1.11473,3052
2022-01-27T21:00:00-05:00,1.11472,1.11521,1.11461,1.11521,2038
2022-01-27T22:00:00-05:00,1.1152,1.11556,1.11517,1.11533,2281
2022-01-27T23:00:00-05:00,1.11532,1.11538,1.1149,1.11518,1368
2022-01-28T00:00:00-05:00,1.11519,1.11548,1.11494,1.11541,2215
2022-01-28T01:00:00-05:00,1.1154,1.11546,1.11466,1.11467,2866
2022-01-28T02:00:00-05:00,1.11466,1.11468,1.1126,1.11346,7269
2022-01-28T03:00:00-05:00,1.11347,1.1138,1.11212,1.11359,8672
2022-01-28T04:00:00-05:00,1.1136,1.11394,1.11254,1.11324,5985
2022-01-28T05:00:00-05:00,1.11325,1.11436,1.11292,1.11368,6084
2022-01-28T06:00:00-05:00,1.11367,1.11367,1.11276,1.11331,6094
2022-01-28T07:00:00-05:00,1.11329,1.11412,1.11253,1.11266,5963
2022-01-28T08:00:00-05:00,1.11267,1.11687,1.11267,1.11685,12657
2022-01-28T09:00:00-05:00,1.11686,1.11735,1.11432,1.11576,9303
2022-01-28T10:00:00-05:00,1.11572,1.11671,1.1138,1.1164,7587
2022-01-28T11:00:00-05:00,1.11644,1.11693,1.11553,1.11604,7377
2022-01-28T12:00:00-05:00,1.11604,1.11633,1.11508,1.1151,3422
2022-01-28T13:00:00-05:00,1.11511,1.1156,1.11472,1.1152,2968
2022-01-28T14:00:00-05:00,1.1152,1.11537,1.11432,1.11442,2898
2022-01-28T15:00:00-05:00,1.11441,1.11501,1.11409,1.115,2467
2022-01-28T16:00:00-05:00,1.11501,1.11513,1.11409,1.11418,1331
2022-01-30T17:00:00-05:00,1.11411,1.1145,1.11407,1.11444,392
2022-01-30T18:00:00-05:00,1.11442,1.11523,1.11381,1.1152,2414
2022-01-30T19:00:00-05:00,1.11519,1.11542,1.1144,1.11449,3140
2022-01-30T20:00:00-05:00,1.1145,1.11577,1.11445,1.11575,2691
2022-01-30T21:00:00-05:00,1.11574,1.11603,1.11545,1.11592,2924
2022-01-30T22:00:00-05:00,1.11591,1.11627,1.1157,1.11608,2214
2022-01-30T23:00:00-05:00,1.11609,1.11636,1.116,1.11616,1628
2022-01-31T00:00:00-05:00,1.11615,1.11657,1.11607,1.11648,1560
2022-01-31T01:00:00-05:00,1.11647,1.11672,1.1162,1.11664,2321
2022-01-31T02:00:00-05:00,1.11664,1.11712,1.11605,1.11708,5124
2022-01-31T03:00:00-05:00,1.11709,1.11824,1.11637,1.11704,7743
2022-01-31T04:00:00-05:00,1.11705,1.1178,1.11658,1.11746,5188
2022-01-31T05:00:00-05:00,1.11745,1.11818,1.11674,1.11674,4881
2022-01-31T06:00:00-05:00,1.11675,1.11677,1.11529,1.11591,5172
2022-01-31T07:00:00-05:00,1.1159,1.11619,1.11462,1.11562,7238
2022-01-31T08:00:00-05:00,1.11561,1.11937,1.11524,1.11931,11361
2022-01-31T09:00:00-05:00,1.1193,1.11986,1.11848,1.11889,7298
2022-01-31T10:00:00-05:00,1.11874,1.12176,1.11832,1.12089,5589
2022-01-31T11:00:00-05:00,1.12115,1.12125,1.11986,1.12099,5705
2022-01-31T12:00:00-05:00,1.12101,1.12194,1.12092,1.12189,6118
2022-01-31T13:00:00-05:00,1.12189,1.12342,1.12183,1.12331,4371
2022-01-31T14:00:00-05:00,1.1233,1.12476,1.1232,1.12429,3872
2022-01-31T15:00:00-05:00,1.1243,1.12454,1.12331,1.12351,4316
2022-01-31T16:00:00-05:00,1.1235,1.12354,1.12304,1.12322,1258
2022-01-31T17:00:00-05:00,1.12314,1.12339,1.12304,1.12314,780
2022-01-31T18:00:00-05:00,1.12315,1.12327,1.12291,1.12292,1543
2022-01-31T19:00:00-05:00,1.12291,1.12302,1.12206,1.12238,2191
2022-01-31T20:00:00-05:00,1.12237,1.12282,1.12214,1.1226,2309
2022-01-31T21:00:00-05:00,1.12261,1.12327,1.12253,1.12325,1444
2022-01-31T22:00:00-05:00,1.12325,1.12337,1.12258,1.12329,2919
2022-01-31T23:00:00-05:00,1.1233,1.12446,1.12329,1.12429,1917
2022-02-01T00:00:00-05:00,1.1243,1.1245,1.12395,1.124,1732
2022-02-01T01:00:00-05:00,1.12399,1.12422,1.12341,1.12344,2344
2022-02-01T02:00:00-05:00,1.12345,1.12678,1.12344,1.12663,7284
2022-02-01T03:00:00-05:00,1.12664,1.12693,1.12516,1.12572,5701
2022-02-01T04:00:00-05:00,1.12571,1.12671,1.12534,1.12611,7121
2022-02-01T05:00:00-05:00,1.12612,1.12671,1.12551,1.12619,4958
2022-02-01T06:00:00-05:00,1.1262,1.12785,1.1259,1.1273,6373
2022-02-01T07:00:00-05:00,1.12729,1.12734,1.12575,1.12612,5509
2022-02-01T08:00:00-05:00,1.12613,1.12682,1.12531,1.12657,6806
2022-02-01T09:00:00-05:00,1.12656,1.12742,1.12599,1.12636,6354
2022-02-01T10:00:00-05:00,1.12649,1.12657,1.12451,1.12472,10173
2022-02-01T11:00:00-05:00,1.12472,1.12537,1.12343,1.12389,7851
2022-02-01T12:00:00-05:00,1.1239,1.12491,1.12356,1.12446,4316
2022-02-01T13:00:00-05:00,1.1245,1.12499,1.12426,1.12484,2526
2022-02-01T14:00:00-05:00,1.12485,1.12574,1.12429,1.12527,3083
2022-02-01T15:00:00-05:00,1.12528,1.12704,1.12517,1.12686,4352
2022-02-01T16:00:00-05:00,1.12685,1.12739,1.12658,1.12688,1837
2022-02-01T17:00:00-05:00,1.12688,1.12729,1.12681,1.12701,625
2022-02-01T18:00:00-05:00,1.12692,1.12736,1.12691,1.12729,1514
2022-02-01T19:00:00-05:00,1.1273,1.12746,1.1268,1.12709,1649
2022-02-01T20:00:00-05:00,1.1271,1.12766,1.12706,1.12761,1668
2022-02-01T21:00:00-05:00,1.12762,1.12777,1.12745,1.12775,1654
2022-02-01T22:00:00-05:00,1.12774,1.12774,1.12704,1.12705,1627
2022-02-01T23:00:00-05:00,1.12704,1.12756,1.12704,1.12745,982
2022-02-02T00:00:00-05:00,1.12744,1.12756,1.12708,1.12731,1323
2022-02-02T01:00:00-05:00,1.1273,1.12744,1.12664,1.12691,2139
2022-02-02T02:00:00-05:00,1.12692,1.12841,1.1268,1.12814,4169
2022-02-02T03:00:00-05:00,1.12813,1.12941,1.12795,1.12894,7438
2022-02-02T04:00:00-05:00,1.12895,1.12941,1.12783,1.12932,5683
2022-02-02T05:00:00-05:00,1.12933,1.13141,1.12898,1.13087,8382
2022-02-02T06:00:00-05:00,1.13086,1.13198,1.13055,1.13161,6130
2022-02-02T07:00:00-05:00,1.13162,1.13283,1.1314,1.13247,5372
2022-02-02T08:00:00-05:00,1.13248,1.13302,1.13109,1.13112,8125
2022-02-02T09:00:00-05:00,1.13113,1.1321,1.1303,1.13048,7437
2022-02-02T10:00:00-05:00,1.13047,1.13097,1.12923,1.12965,6922
2022-02-02T11:00:00-05:00,1.12965,1.13015,1.12928,1.12991,4641
2022-02-02T12:00:00-05:00,1.12991,1.1312,1.1298,1.13111,2891
2022-02-02T13:00:00-05:00,1.13109,1.13141,1.13058,1.13091,2203
2022-02-02T14:00:00-05:00,1.1309,1.13121,1.13058,1.13099,2327
2022-02-02T15:00:00-05:00,1.13099,1.13138,1.13037,1.13051,2399
2022-02-02T16:00:00-05:00,1.1305,1.1308,1.13003,1.13003,1076
2022-02-02T17:00:00-05:00,1.13012,1.13049,1.13004,1.13023,889
2022-02-02T18:00:00-05:00,1.13022,1.13051,1.12982,1.12993,1891
2022-02-02T19:00:00-05:00,1.12992,1.12997,1.12949,1.12961,1277
2022-02-02T20:00:00-05:00,1.12962,1.13003,1.1293,1.12999,1463
2022-02-02T21:00:00-05:00,1.13,1.13033,1.12974,1.12987,1385
2022-02-02T22:00:00-05:00,1.12988,1.13081,1.12975,1.13045,1594
2022-02-02T23:00:00-05:00,1.13046,1.13053,1.12948,1.12964,1446
2022-02-03T00:00:00-05:00,1.12969,1.13018,1.12962,1.13006,1692
2022-02-03T01:00:00-05:00,1.13005,1.13011,1.12901,1.12911,2421
2022-02-03T02:00:00-05:00,1.1291,1.12973,1.12879,1.12971,4688
2022-02-03T03:00:00-05:00,1.1297,1.13023,1.12882,1.12951,6441
2022-02-03T04:00:00-05:00,1.1295,1.12967,1.12837,1.1284,5009
2022-02-03T05:00:00-05:00,1.12839,1.12857,1.12759,1.12791,4363
2022-02-03T06:00:00-05:00,1.1279,1.12828,1.12752,1.12801,4083
2022-02-03T07:00:00-05:00,1.12802,1.12985,1.1267,1.12912,16426
2022-02-03T08:00:00-05:00,1.12913,1.13668,1.12792,1.13666,29978
2022-02-03T09:00:00-05:00,1.13665,1.14115,1.13616,1.13906,27363
2022-02-03T10:00:00-05:00,1.13911,1.14236,1.1386,1.14174,14803
2022-02-03T11:00:00-05:00,1.14174,1.14513,1.14144,1.14256,12545
2022-02-03T12:00:00-05:00,1.14257,1.14453,1.14196,1.14438,7749
2022-02-03T13:00:00-05:00,1.14436,1.14442,1.14259,1.14425,4815
2022-02-03T14:00:00-05:00,1.14426,1.14496,1.143,1.14331,4498
2022-02-03T15:00:00-05:00,1.14332,1.14361,1.14278,1.14302,3463
2022-02-03T16:00:00-05:00,1.14302,1.14394,1.1429,1.14359,1703
2022-02-03T17:00:00-05:00,1.14325,1.14404,1.14322,1.14395,1221
2022-02-03T18:00:00-05:00,1.14394,1.1442,1.14351,1.14356,1124
2022-02-03T19:00:00-05:00,1.14355,1.14458,1.14318,1.14456,2669
2022-02-03T20:00:00-05:00,1.14457,1.14539,1.14446,1.14519,3147
2022-02-03T21:00:00-05:00,1.1452,1.14634,1.14487,1.1463,3195
2022-02-03T22:00:00-05:00,1.14629,1.14687,1.14592,1.14622,2882
2022-02-03T23:00:00-05:00,1.14621,1.14717,1.14591,1.14658,2810
2022-02-04T00:00:00-05:00,1.14658,1.14684,1.14593,1.14598,2161
2022-02-04T01:00:00-05:00,1.14599,1.14612,1.14538,1.14566,3473
2022-02-04T02:00:00-05:00,1.14565,1.14684,1.14512,1.14671,8153
2022-02-04T03:00:00-05:00,1.1467,1.1467,1.14396,1.146,9647
2022-02-04T04:00:00-05:00,1.14599,1.14653,1.14493,1.14631,7567
2022-02-04T05:00:00-05:00,1.14631,1.14752,1.14589,1.14627,8193
2022-02-04T06:00:00-05:00,1.14628,1.14836,1.14567,1.14783,7675
2022-02-04T07:00:00-05:00,1.14784,1.14817,1.14649,1.14649,7127
2022-02-04T08:00:00-05:00,1.1465,1.14679,1.14217,1.14361,22319
2022-02-04T09:00:00-05:00,1.1436,1.14578,1.14151,1.14153,16230
2022-02-04T10:00:00-05:00,1.14153,1.1443,1.14115,1.1442,10583
2022-02-04T11:00:00-05:00,1.14419,1.14556,1.14358,1.14518,6417
2022-02-04T12:00:00-05:00,1.14519,1.14624,1.14518,1.14541,4113
2022-02-04T13:00:00-05:00,1.14542,1.14639,1.14514,1.14545,2925
2022-02-04T14:00:00-05:00,1.14544,1.14577,1.14473,1.1448,3046
2022-02-04T15:00:00-05:00,1.1448,1.14597,1.14476,1.14548,3587
2022-02-04T16:00:00-05:00,1.14544,1.14555,1.14481,1.14481,1277
2022-02-06T17:00:00-05:00,1.14571,1.1461,1.14537,1.14563,1003
2022-02-06T18:00:00-05:00,1.14567,1.14583,1.14512,1.14543,1831
2022-02-06T19:00:00-05:00,1.14544,1.14558,1.14501,1.14528,1716
2022-02-06T20:00:00-05:00,1.14528,1.14537,1.14392,1.14413,3556
2022-02-06T21:00:00-05:00,1.14414,1.14425,1.1427,1.14277,3672
2022-02-06T22:00:00-05:00,1.14278,1.14335,1.14246,1.14327,2755
2022-02-06T23:00:00-05:00,1.14326,1.14405,1.1432,1.14385,2082
2022-02-07T00:00:00-05:00,1.14386,1.14402,1.14299,1.14304,2431
2022-02-07T01:00:00-05:00,1.14305,1.1436,1.14288,1.14314,2887
2022-02-07T02:00:00-05:00,1.14313,1.1435,1.14253,1.1432,6050
2022-02-07T03:00:00-05:00,1.14321,1.14491,1.14266,1.14337,9683
2022-02-07T04:00:00-05:00,1.14338,1.14342,1.1415,1.14233,6987
2022-02-07T05:00:00-05:00,1.14232,1.14304,1.1416,1.14209,5261
2022-02-07T06:00:00-05:00,1.1421,1.14462,1.14204,1.14431,5924
2022-02-07T07:00:00-05:00,1.1443,1.14586,1.1442,1.14549,7382
2022-02-07T08:00:00-05:00,1.14548,1.14566,1.14293,1.14396,8885
2022-02-07T09:00:00-05:00,1.14395,1.14459,1.14203,1.14379,8916
2022-02-07T10:00:00-05:00,1.14381,1.14508,1.14298,1.14432,9226
2022-02-07T11:00:00-05:00,1.14431,1.14508,1.142,1.14339,8952
2022-02-07T12:00:00-05:00,1.14338,1.14339,1.14172,1.14185,3718
2022-02-07T13:00:00-05:00,1.14184,1.14266,1.14171,1.14263,2100
2022-02-07T14:00:00-05:00,1.14262,1.14437,1.14252,1.14431,2686
2022-02-07T15:00:00-05:00,1.14431,1.14431,1.14359,1.14386,2486
2022-02-07T16:00:00-05:00,1.14383,1.14416,1.14362,1.14398,984
2022-02-07T17:00:00-05:00,1.14381,1.14427,1.14369,1.14403,1617
2022-02-07T18:00:00-05:00,1.14404,1.14414,1.14331,1.14408,1828
2022-02-07T19:00:00-05:00,1.14409,1.14427,1.14359,1.14425,1528
2022-02-07T20:00:00-05:00,1.14424,1.14486,1.14354,1.14356,2764
2022-02-07T21:00:00-05:00,1.14355,1.14357,1.14267,1.14301,3118
2022-02-07T22:00:00-05:00,1.143,1.14321,1.14289,1.14299,1465
2022-02-07T23:00:00-05:00,1.143,1.14306,1.14215,1.14238,1495
2022-02-08T00:00:00-05:00,1.14236,1.1425,1.14151,1.14168,2499
2022-02-08T01:00:00-05:00,1.14167,1.14233,1.14136,1.14196,2683
2022-02-08T02:00:00-05:00,1.14195,1.14206,1.1396,1.13987,8250
2022-02-08T03:00:00-05:00,1.13988,1.1409,1.13978,1.14049,7634
2022-02-08T04:00:00-05:00,1.1405,1.14084,1.13979,1.14055,5637
2022-02-08T05:00:00-05:00,1.14054,1.14283,1.14021,1.14278,5502
2022-02-08T06:00:00-05:00,1.14279,1.14334,1.14221,1.1426,6030
2022-02-08T07:00:00-05:00,1.14261,1.1427,1.14151,1.14179,5859
2022-02-08T08:00:00-05:00,1.14178,1.14178,1.14,1.14086,7469
2022-02-08T09:00:00-05:00,1.14085,1.14236,1.14054,1.14084,7309
2022-02-08T10:00:00-05:00,1.14086,1.14215,1.14029,1.14181,7105
2022-02-08T11:00:00-05:00,1.14181,1.14206,1.14096,1.14147,5300
2022-02-08T12:00:00-05:00,1.14147,1.14232,1.14145,1.14205,2914
2022-02-08T13:00:00-05:00,1.14203,1.14227,1.14013,1.14224,4152
2022-02-08T14:00:00-05:00,1.14225,1.14237,1.14114,1.14143,2808
2022-02-08T15:00:00-05:00,1.14142,1.14204,1.14129,1.14186,2756
2022-02-08T16:00:00-05:00,1.14187,1.14206,1.1412,1.14124,796
2022-02-08T17:00:00-05:00,1.14138,1.14198,1.14137,1.14164,947
2022-02-08T18:00:00-05:00,1.14165,1.14208,1.14139,1.14203,1027
2022-02-08T19:00:00-05:00,1.14204,1.14233,1.1412,1.14132,1515
2022-02-08T20:00:00-05:00,1.14131,1.14228,1.1412,1.14228,2017
2022-02-08T21:00:00-05:00,1.14227,1.14318,1.14225,1.14317,2100
2022-02-08T22:00:00-05:00,1.14316,1.14323,1.14275,1.14301,1629
2022-02-08T23:00:00-05:00,1.143,1.14312,1.14251,1.14267,1293
2022-02-09T00:00:00-05:00,1.14266,1.14276,1.14217,1.14221,1190
2022-02-09T01:00:00-05:00,1.1422,1.14255,1.14172,1.14178,1718
2022-02-09T02:00:00-05:00,1.14177,1.14212,1.14024,1.14088,5176
2022-02-09T03:00:00-05:00,1.14089,1.14274,1.14081,1.1422,6739
2022-02-09T04:00:00-05:00,1.14221,1.14277,1.14176,1.14263,4645
2022-02-09T05:00:00-05:00,1.14262,1.14446,1.1423,1.14414,5839
2022-02-09T06:00:00-05:00,1.14413,1.14414,1.1428,1.14294,4553
2022-02-09T07:00:00-05:00,1.14293,1.14411,1.14292,1.14373,4734
2022-02-09T08:00:00-05:00,1.14372,1.14458,1.14294,1.14355,6643
2022-02-09T09:00:00-05:00,1.14354,1.14374,1.14253,1.14314,7107
2022-02-09T10:00:00-05:00,1.14313,1.14412,1.1427,1.14281,7925
2022-02-09T11:00:00-05:00,1.14281,1.14408,1.1426,1.14341,4991
2022-02-09T12:00:00-05:00,1.14342,1.14477,1.14255,1.14372,7109
2022-02-09T13:00:00-05:00,1.14371,1.14409,1.14281,1.14323,3782
2022-02-09T14:00:00-05:00,1.14322,1.14331,1.14267,1.14321,1914
2022-02-09T15:00:00-05:00,1.1432,1.14333,1.14199,1.14251,2996
2022-02-09T16:00:00-05:00,1.1425,1.14263,1.14211,1.14214,1128
2022-02-09T17:00:00-05:00,1.14202,1.14256,1.14193,1.1421,1999
2022-02-09T18:00:00-05:00,1.14207,1.14232,1.142,1.14209,682
2022-02-09T19:00:00-05:00,1.14209,1.14226,1.1413,1.14172,1238
2022-02-09T20:00:00-05:00,1.14171,1.14205,1.14169,1.14192,1816
2022-02-09T21:00:00-05:00,1.14193,1.14294,1.14176,1.14289,1453
2022-02-09T22:00:00-05:00,1.14288,1.14299,1.14249,1.14285,1489
2022-02-09T23:00:00-05:00,1.14284,1.14313,1.14227,1.14248,1509
2022-02-10T00:00:00-05:00,1.14247,1.14267,1.14234,1.14257,794
2022-02-10T01:00:00-05:00,1.14258,1.14278,1.14202,1.14225,1563
2022-02-10T02:00:00-05:00,1.14226,1.14286,1.14194,1.14285,3818
2022-02-10T03:00:00-05:00,1.14286,1.14334,1.14225,1.14331,5651
2022-02-10T04:00:00-05:00,1.1433,1.14461,1.14324,1.14433,5954
2022-02-10T05:00:00-05:00,1.14432,1.14453,1.14342,1.14358,4395
2022-02-10T06:00:00-05:00,1.14357,1.14405,1.14311,1.14318,4423
2022-02-10T07:00:00-05:00,1.14318,1.14393,1.14298,1.14361,4514
2022-02-10T08:00:00-05:00,1.14362,1.14415,1.13819,1.14078,22471
2022-02-10T09:00:00-05:00,1.14079,1.14097,1.13748,1.14072,16709
2022-02-10T10:00:00-05:00,1.14074,1.14735,1.14074,1.14666,15454
2022-02-10T11:00:00-05:00,1.14668,1.14947,1.14652,1.14887,11478
2022-02-10T12:00:00-05:00,1.14886,1.14886,1.14472,1.14645,12353
2022-02-10T13:00:00-05:00,1.14644,1.14749,1.14601,1.14646,9967
2022-02-10T14:00:00-05:00,1.14648,1.14656,1.14465,1.14491,5745
2022-02-10T15:00:00-05:00,1.14492,1.14547,1.1431,1.14311,5190
2022-02-10T16:00:00-05:00,1.14312,1.14331,1.14069,1.1426,3183
2022-02-10T17:00:00-05:00,1.14257,1.14299,1.14251,1.14269,801
2022-02-10T18:00:00-05:00,1.14273,1.14275,1.14015,1.14111,4300
2022-02-10T19:00:00-05:00,1.14111,1.14118,1.13855,1.13994,5154
2022-02-10T20:00:00-05:00,1.13993,1.14058,1.13942,1.14023,3610
2022-02-10T21:00:00-05:00,1.14022,1.14067,1.13956,1.14029,2295
2022-02-10T22:00:00-05:00,1.1403,1.1403,1.13924,1.13928,1484
2022-02-10T23:00:00-05:00,1.13927,1.13928,1.13747,1.13807,3012
2022-02-11T00:00:00-05:00,1.13808,1.13884,1.13802,1.13864,2139
2022-02-11T01:00:00-05:00,1.13863,1.13871,1.13698,1.13757,2757
2022-02-11T02:00:00-05:00,1.13758,1.1392,1.13725,1.13848,7716
2022-02-11T03:00:00-05:00,1.13849,1.13977,1.13779,1.1393,10405
2022-02-11T04:00:00-05:00,1.13929,1.13955,1.1382,1.13862,7382
2022-02-11T05:00:00-05:00,1.13861,1.13995,1.13837,1.13978,4795
2022-02-11T06:00:00-05:00,1.13977,1.13989,1.13901,1.13946,4305
2022-02-11T07:00:00-05:00,1.13947,1.14146,1.13915,1.14059,7864
2022-02-11T08:00:00-05:00,1.14058,1.14179,1.13895,1.13906,9198
2022-02-11T09:00:00-05:00,1.13905,1.14002,1.13797,1.13883,8275
2022-02-11T10:00:00-05:00,1.13882,1.1405,1.13834,1.14019,9446
2022-02-11T11:00:00-05:00,1.1402,1.1408,1.13922,1.14047,6893
2022-02-11T12:00:00-05:00,1.14047,1.14075,1.13934,1.13965,4734
2022-02-11T13:00:00-05:00,1.13964,1.13993,1.13414,1.13505,14407
2022-02-11T14:00:00-05:00,1.13505,1.13644,1.13297,1.13336,20715
2022-02-11T15:00:00-05:00,1.13337,1.1352,1.1331,1.13413,11635
2022-02-11T16:00:00-05:00,1.13414,1.13515,1.13399,1.13444,3010
2022-02-13T17:00:00-05:00,1.13388,1.13472,1.13378,1.13423,5089
2022-02-13T18:00:00-05:00,1.13422,1.13671,1.13418,1.13643,3297
2022-02-13T19:00:00-05:00,1.13643,1.13691,1.13589,1.13622,3115
2022-02-13T20:00:00-05:00,1.13621,1.13649,1.13519,1.13536,5001
2022-02-13T21:00:00-05:00,1.13535,1.13536,1.13404,1.1343,3352
2022-02-13T22:00:00-05:00,1.13431,1.13481,1.13411,1.1343,3372
2022-02-13T23:00:00-05:00,1.13428,1.13484,1.13412,1.13451,2190
2022-02-14T00:00:00-05:00,1.1345,1.13522,1.13419,1.13514,2048
2022-02-14T01:00:00-05:00,1.13514,1.13519,1.13386,1.13442,2792
2022-02-14T02:00:00-05:00,1.13443,1.13496,1.13358,1.1338,6826
2022-02-14T03:00:00-05:00,1.13379,1.1343,1.13037,1.1309,12939
2022-02-14T04:00:00-05:00,1.13091,1.13215,1.13078,1.1312,7572
2022-02-14T05:00:00-05:00,1.13119,1.13179,1.13012,1.13133,6965
2022-02-14T06:00:00-05:00,1.13133,1.13141,1.13007,1.13108,5011
2022-02-14T07:00:00-05:00,1.13109,1.13422,1.13019,1.1327,13451
2022-02-14T08:00:00-05:00,1.13271,1.1331,1.13109,1.13149,15324
2022-02-14T09:00:00-05:00,1.13148,1.1321,1.13048,1.13199,10649
2022-02-14T10:00:00-05:00,1.13196,1.13196,1.12916,1.13055,9648
2022-02-14T11:00:00-05:00,1.13061,1.13142,1.12961,1.13061,9005
2022-02-14T12:00:00-05:00,1.13059,1.13135,1.12985,1.13102,4679
2022-02-14T13:00:00-05:00,1.13101,1.13141,1.12968,1.12972,5404
2022-02-14T14:00:00-05:00,1.12973,1.13015,1.12799,1.12945,9819
2022-02-14T15:00:00-05:00,1.12954,1.13045,1.12929,1.1294,4860
2022-02-14T16:00:00-05:00,1.12941,1.13077,1.1294,1.13042,1753
2022-02-14T17:00:00-05:00,1.13037,1.13063,1.12923,1.13039,771
2022-02-14T18:00:00-05:00,1.1304,1.13073,1.13037,1.13057,956
2022-02-14T19:00:00-05:00,1.13058,1.1313,1.1303,1.13118,1862
2022-02-14T20:00:00-05:00,1.13117,1.13145,1.13083,1.13104,1902
2022-02-14T21:00:00-05:00,1.13103,1.13223,1.1309,1.13188,2276
2022-02-14T22:00:00-05:00,1.13187,1.13223,1.1315,1.13172,2749
2022-02-14T23:00:00-05:00,1.13171,1.13205,1.13162,1.1319,1704
2022-02-15T00:00:00-05:00,1.1319,1.13209,1.13148,1.13173,2941
2022-02-15T01:00:00-05:00,1.13172,1.13237,1.13135,1.13217,3504
2022-02-15T02:00:00-05:00,1.13216,1.1328,1.13113,1.13125,5162
2022-02-15T03:00:00-05:00,1.13124,1.13488,1.13091,1.13458,14098
2022-02-15T04:00:00-05:00,1.13459,1.13499,1.13357,1.1346,8174
2022-02-15T05:00:00-05:00,1.13461,1.13536,1.13383,1.1348,7947
2022-02-15T06:00:00-05:00,1.13479,1.13527,1.13407,1.13456,6944
2022-02-15T07:00:00-05:00,1.13457,1.13505,1.13364,1.13405,8004
2022-02-15T08:00:00-05:00,1.13406,1.13598,1.13404,1.13557,10151
2022-02-15T09:00:00-05:00,1.13556,1.13589,1.13201,1.13216,10313
2022-02-15T10:00:00-05:00,1.13216,1.13574,1.13215,1.13546,10102
2022-02-15T11:00:00-05:00,1.13548,1.1368,1.13545,1.13623,7983
2022-02-15T12:00:00-05:00,1.13624,1.13629,1.13459,1.13585,4328
2022-02-15T13:00:00-05:00,1.13585,1.13642,1.13552,1.13554,2282
2022-02-15T14:00:00-05:00,1.13552,1.13636,1.13543,1.13592,2649
2022-02-15T15:00:00-05:00,1.13591,1.13635,1.13545,1.13583,3544
2022-02-15T16:00:00-05:00,1.13582,1.13596,1.13557,1.13564,1251
2022-02-15T17:00:00-05:00,1.13524,1.13596,1.13524,1.13564,576
2022-02-15T18:00:00-05:00,1.13565,1.13595,1.13551,1.13551,876
2022-02-15T19:00:00-05:00,1.1355,1.13594,1.13543,1.13571,1172
2022-02-15T20:00:00-05:00,1.1357,1.1357,1.13486,1.13518,2128
2022-02-15T21:00:00-05:00,1.13519,1.13533,1.13449,1.13471,2333
2022-02-15T22:00:00-05:00,1.13472,1.13482,1.13449,1.13457,1668
2022-02-15T23:00:00-05:00,1.13456,1.13489,1.13452,1.13478,826
2022-02-16T00:00:00-05:00,1.13479,1.13553,1.13477,1.13536,1209
2022-02-16T01:00:00-05:00,1.13535,1.13634,1.1353,1.13633,2122
2022-02-16T02:00:00-05:00,1.13632,1.13786,1.1363,1.1375,5866
2022-02-16T03:00:00-05:00,1.13751,1.13951,1.1373,1.13896,7871
2022-02-16T04:00:00-05:00,1.13897,1.13897,1.1371,1.13774,7601
2022-02-16T05:00:00-05:00,1.13773,1.13863,1.1373,1.13805,5525
2022-02-16T06:00:00-05:00,1.13804,1.1388,1.13741,1.1385,5040
2022-02-16T07:00:00-05:00,1.13849,1.13866,1.13643,1.13654,7634
2022-02-16T08:00:00-05:00,1.13653,1.13741,1.13546,1.13629,10754
2022-02-16T09:00:00-05:00,1.1363,1.13726,1.13529,1.1365,8365
2022-02-16T10:00:00-05:00,1.13649,1.13731,1.13598,1.13653,6992
2022-02-16T11:00:00-05:00,1.13652,1.13808,1.13605,1.13805,5183
2022-02-16T12:00:00-05:00,1.13806,1.13826,1.13734,1.13741,4100
2022-02-16T13:00:00-05:00,1.13742,1.13822,1.13711,1.13767,3767
2022-02-16T14:00:00-05:00,1.13768,1.13956,1.13701,1.13902,8337
2022-02-16T15:00:00-05:00,1.13901,1.13932,1.13803,1.13817,4306
2022-02-16T16:00:00-05:00,1.13817,1.13822,1.13707,1.13707,1592
2022-02-16T17:00:00-05:00,1.13706,1.13766,1.13706,1.13748,574
2022-02-16T18:00:00-05:00,1.13749,1.13846,1.1367,1.13727,2299
2022-02-16T19:00:00-05:00,1.13726,1.13826,1.13725,1.13795,2035
2022-02-16T20:00:00-05:00,1.13794,1.13818,1.13737,1.13816,2059
2022-02-16T21:00:00-05:00,1.13816,1.13848,1.13786,1.13827,1935
2022-02-16T22:00:00-05:00,1.13826,1.13845,1.13294,1.13366,6973
2022-02-16T23:00:00-05:00,1.13364,1.13642,1.1323,1.1343,15293
2022-02-17T00:00:00-05:00,1.13422,1.13593,1.13422,1.13563,4448
2022-02-17T01:00:00-05:00,1.13564,1.13738,1.13514,1.13602,6534
2022-02-17T02:00:00-05:00,1.13601,1.13754,1.13571,1.13749,7322
2022-02-17T03:00:00-05:00,1.13751,1.13858,1.13495,1.13581,17240
2022-02-17T04:00:00-05:00,1.13582,1.13642,1.13427,1.1361,10965
2022-02-17T05:00:00-05:00,1.13611,1.13763,1.13549,1.13752,6223
2022-02-17T06:00:00-05:00,1.13753,1.13791,1.13623,1.13656,5550
2022-02-17T07:00:00-05:00,1.13655,1.1379,1.13654,1.13775,6044
2022-02-17T08:00:00-05:00,1.13776,1.13787,1.13515,1.13591,12055
2022-02-17T09:00:00-05:00,1.1359,1.13758,1.13506,1.13591,13343
2022-02-17T10:00:00-05:00,1.13592,1.13791,1.13546,1.1369,11636
2022-02-17T11:00:00-05:00,1.13691,1.13753,1.1362,1.13625,6905
2022-02-17T12:00:00-05:00,1.13626,1.13696,1.13581,1.13591,4492
2022-02-17T13:00:00-05:00,1.1359,1.13644,1.13569,1.13625,3489
2022-02-17T14:00:00-05:00,1.13624,1.1367,1.13603,1.13637,2489
2022-02-17T15:00:00-05:00,1.13638,1.13645,1.13566,1.13597,3121
2022-02-17T16:00:00-05:00,1.13594,1.13622,1.13564,1.13568,1022
2022-02-17T17:00:00-05:00,1.13597,1.13653,1.13569,1.13612,1617
2022-02-17T18:00:00-05:00,1.1361,1.13698,1.13592,1.13637,1751
2022-02-17T19:00:00-05:00,1.13633,1.13658,1.13578,1.13594,1805
2022-02-17T20:00:00-05:00,1.13595,1.13711,1.13577,1.13679,4735
2022-02-17T21:00:00-05:00,1.13678,1.13712,1.13624,1.13669,2995
2022-02-17T22:00:00-05:00,1.13668,1.137,1.1364,1.13672,2057
2022-02-17T23:00:00-05:00,1.13671,1.13686,1.13632,1.13637,1379
2022-02-18T00:00:00-05:00,1.13636,1.13671,1.13611,1.13657,1709
2022-02-18T01:00:00-05:00,1.13657,1.13717,1.13655,1.13708,2015
2022-02-18T02:00:00-05:00,1.13707,1.13733,1.13671,1.13697,4105
2022-02-18T03:00:00-05:00,1.13696,1.13767,1.13658,1.13753,6640
2022-02-18T04:00:00-05:00,1.13754,1.13767,1.13638,1.13708,5292
2022-02-18T05:00:00-05:00,1.13707,1.13722,1.13604,1.13608,5325
2022-02-18T06:00:00-05:00,1.13607,1.13635,1.13471,1.13623,4814
2022-02-18T07:00:00-05:00,1.13622,1.13682,1.13573,1.136,5052
2022-02-18T08:00:00-05:00,1.13601,1.13614,1.13479,1.13488,8262
2022-02-18T09:00:00-05:00,1.13487,1.13515,1.13386,1.13479,8308
2022-02-18T10:00:00-05:00,1.13478,1.1354,1.13271,1.1341,10152
2022-02-18T11:00:00-05:00,1.13409,1.13421,1.13146,1.13257,10659
2022-02-18T12:00:00-05:00,1.13257,1.13291,1.13144,1.1322,6082
2022-02-18T13:00:00-05:00,1.13221,1.13321,1.13216,1.13298,3206
2022-02-18T14:00:00-05:00,1.13299,1.13355,1.13275,1.1331,3201
2022-02-18T15:00:00-05:00,1.1331,1.13316,1.13238,1.13243,3392
2022-02-18T16:00:00-05:00,1.13245,1.13294,1.13184,1.13189,1485
2022-02-20T17:00:00-05:00,1.13177,1.13248,1.13169,1.13189,1161
2022-02-20T18:00:00-05:00,1.1319,1.13235,1.1313,1.13164,2758
2022-02-20T19:00:00-05:00,1.13166,1.13354,1.13143,1.13325,2789
2022-02-20T20:00:00-05:00,1.13326,1.13579,1.13279,1.13534,5587
2022-02-20T21:00:00-05:00,1.13533,1.13579,1.13528,1.1357,2740
2022-02-20T22:00:00-05:00,1.13569,1.13679,1.13568,1.13607,2271
2022-02-20T23:00:00-05:00,1.13606,1.13626,1.13582,1.1362,1451
2022-02-21T00:00:00-05:00,1.13619,1.13643,1.13607,1.13624,1130
2022-02-21T01:00:00-05:00,1.13623,1.13695,1.13622,1.13688,1697
2022-02-21T02:00:00-05:00,1.13689,1.13787,1.13679,1.13734,4311
2022-02-21T03:00:00-05:00,1.13735,1.13905,1.1356,1.13567,8391
2022-02-21T04:00:00-05:00,1.13566,1.13682,1.13538,1.13633,5778
2022-02-21T05:00:00-05:00,1.13634,1.13663,1.1355,1.13561,3871
2022-02-21T06:00:00-05:00,1.1356,1.13612,1.13456,1.13476,5002
2022-02-21T07:00:00-05:00,1.13475,1.13501,1.13327,1.13342,5260
2022-02-21T08:00:00-05:00,1.13341,1.13405,1.13206,1.133,6673
2022-02-21T09:00:00-05:00,1.13298,1.13458,1.13251,1.13336,8016
2022-02-21T10:00:00-05:00,1.13335,1.13444,1.13257,1.13361,6697
2022-02-21T11:00:00-05:00,1.1336,1.13467,1.13348,1.13462,3695
2022-02-21T12:00:00-05:00,1.13463,1.1349,1.13354,1.13362,2435
2022-02-21T13:00:00-05:00,1.13363,1.13428,1.1317,1.13171,2940
2022-02-21T14:00:00-05:00,1.1317,1.13203,1.13065,1.13182,4091
2022-02-21T15:00:00-05:00,1.13182,1.13186,1.13073,1.13146,1372
2022-02-21T16:00:00-05:00,1.13147,1.13187,1.13066,1.13081,1407
2022-02-21T17:00:00-05:00,1.13108,1.13121,1.13065,1.1307,749
2022-02-21T18:00:00-05:00,1.13071,1.13091,1.12963,1.13091,3288
2022-02-21T19:00:00-05:00,1.1309,1.13197,1.13071,1.13136,3233
2022-02-21T20:00:00-05:00,1.13135,1.13157,1.12994,1.13036,5027
2022-02-21T21:00:00-05:00,1.13037,1.13092,1.12977,1.13044,3579
2022-02-21T22:00:00-05:00,1.13045,1.13045,1.12878,1.12922,3419
2022-02-21T23:00:00-05:00,1.12923,1.13001,1.12923,1.12987,2732
2022-02-22T00:00:00-05:00,1.12986,1.13091,1.12974,1.13064,2899
2022-02-22T01:00:00-05:00,1.13065,1.13124,1.12996,1.13039,4186
2022-02-22T02:00:00-05:00,1.1304,1.13055,1.12924,1.12966,9157
2022-02-22T03:00:00-05:00,1.12965,1.13277,1.1293,1.13257,12759
2022-02-22T04:00:00-05:00,1.13258,1.13365,1.13145,1.13193,8741
2022-02-22T05:00:00-05:00,1.13194,1.13666,1.13182,1.13521,12027
2022-02-22T06:00:00-05:00,1.13522,1.13587,1.1337,1.13459,9965
2022-02-22T07:00:00-05:00,1.1346,1.13591,1.1343,1.13508,8883
2022-02-22T08:00:00-05:00,1.13509,1.13534,1.1337,1.13411,7887
2022-02-22T09:00:00-05:00,1.1341,1.13479,1.13354,1.13463,9093
2022-02-22T10:00:00-05:00,1.13464,1.13504,1.13305,1.13352,12999
2022-02-22T11:00:00-05:00,1.13351,1.13538,1.13309,1.13432,10007
2022-02-22T12:00:00-05:00,1.13431,1.13431,1.13247,1.13334,4828
2022-02-22T13:00:00-05:00,1.13333,1.1338,1.1325,1.13286,3992
2022-02-22T14:00:00-05:00,1.13285,1.13409,1.13219,1.13344,8551
2022-02-22T15:00:00-05:00,1.13345,1.13408,1.13233,1.13242,5888
2022-02-22T16:00:00-05:00,1.13241,1.13291,1.13221,1.13221,1280
2022-02-22T17:00:00-05:00,1.1323,1.13282,1.13225,1.13254,842
2022-02-22T18:00:00-05:00,1.13255,1.13309,1.13253,1.13288,1023
2022-02-22T19:00:00-05:00,1.13287,1.13352,1.13283,1.13331,1250
2022-02-22T20:00:00-05:00,1.1333,1.13358,1.13292,1.13348,2113
2022-02-22T21:00:00-05:00,1.13349,1.13387,1.13203,1.13221,2102
2022-02-22T22:00:00-05:00,1.13221,1.13264,1.13198,1.13256,1181
2022-02-22T23:00:00-05:00,1.13257,1.13261,1.1323,1.13254,872
2022-02-23T00:00:00-05:00,1.13253,1.13299,1.13216,1.13254,1823
2022-02-23T01:00:00-05:00,1.13253,1.13303,1.13219,1.13221,1649
2022-02-23T02:00:00-05:00,1.1322,1.13426,1.13158,1.13397,6081
2022-02-23T03:00:00-05:00,1.13396,1.13471,1.13337,1.13471,6306
2022-02-23T04:00:00-05:00,1.13472,1.13588,1.13376,1.13556,6455
2022-02-23T05:00:00-05:00,1.13555,1.13581,1.13498,1.1351,6196
2022-02-23T06:00:00-05:00,1.13511,1.13528,1.134,1.13402,5306
2022-02-23T07:00:00-05:00,1.13403,1.13488,1.13369,1.13374,4825
2022-02-23T08:00:00-05:00,1.13375,1.13521,1.13363,1.13513,5790
2022-02-23T09:00:00-05:00,1.13514,1.13516,1.13298,1.13334,8556
2022-02-23T10:00:00-05:00,1.13335,1.13375,1.13205,1.13243,9668
2022-02-23T11:00:00-05:00,1.13244,1.13259,1.13057,1.13139,8318
2022-02-23T12:00:00-05:00,1.1314,1.13182,1.13075,1.13121,3835
2022-02-23T13:00:00-05:00,1.1312,1.13122,1.13036,1.1309,3812
2022-02-23T14:00:00-05:00,1.13089,1.13118,1.13036,1.13076,3729
2022-02-23T15:00:00-05:00,1.13075,1.13104,1.13009,1.1305,3573
2022-02-23T16:00:00-05:00,1.13051,1.13074,1.13019,1.13021,1633
2022-02-23T17:00:00-05:00,1.13032,1.13073,1.13019,1.13022,1281
2022-02-23T18:00:00-05:00,1.13023,1.13086,1.13001,1.13052,1514
2022-02-23T19:00:00-05:00,1.13053,1.1306,1.12749,1.12759,3824
2022-02-23T20:00:00-05:00,1.1276,1.12941,1.1276,1.12929,6103
2022-02-23T21:00:00-05:00,1.1293,1.12937,1.12647,1.12729,7661
2022-02-23T22:00:00-05:00,1.12728,1.12788,1.12348,1.1238,13694
2022-02-23T23:00:00-05:00,1.12379,1.12471,1.12084,1.12447,15521
2022-02-24T00:00:00-05:00,1.12446,1.1246,1.12206,1.12376,11595
2022-02-24T01:00:00-05:00,1.12377,1.12531,1.1232,1.12452,9498
2022-02-24T02:00:00-05:00,1.12451,1.12555,1.12352,1.1245,18835
2022-02-24T03:00:00-05:00,1.12449,1.1262,1.1233,1.12395,20816
2022-02-24T04:00:00-05:00,1.12396,1.12502,1.12088,1.1211,17195
2022-02-24T05:00:00-05:00,1.12109,1.12121,1.11631,1.1178,18929
2022-02-24T06:00:00-05:00,1.11779,1.11806,1.11549,1.11739,17800
2022-02-24T07:00:00-05:00,1.1174,1.11848,1.11614,1.11702,16856
2022-02-24T08:00:00-05:00,1.11703,1.118,1.11526,1.11618,18132
2022-02-24T09:00:00-05:00,1.11617,1.11711,1.11441,1.11468,23911
2022-02-24T10:00:00-05:00,1.11469,1.11501,1.11079,1.11095,19458
2022-02-24T11:00:00-05:00,1.11094,1.1157,1.11061,1.11498,23843
2022-02-24T12:00:00-05:00,1.11499,1.11786,1.11406,1.11663,14016
2022-02-24T13:00:00-05:00,1.11664,1.12065,1.11598,1.11907,14269
2022-02-24T14:00:00-05:00,1.11908,1.12122,1.11842,1.11871,20464
2022-02-24T15:00:00-05:00,1.11872,1.12209,1.11843,1.11995,14025
2022-02-24T16:00:00-05:00,1.11996,1.12048,1.11902,1.11902,2253
2022-02-24T17:00:00-05:00,1.11903,1.12019,1.11899,1.11962,1952
2022-02-24T18:00:00-05:00,1.11963,1.12001,1.11897,1.11903,1447
2022-02-24T19:00:00-05:00,1.11904,1.12093,1.11862,1.12014,3852
2022-02-24T20:00:00-05:00,1.12015,1.12057,1.11896,1.12034,9291
2022-02-24T21:00:00-05:00,1.12033,1.1214,1.11986,1.12135,4032
2022-02-24T22:00:00-05:00,1.12134,1.12177,1.12052,1.12172,4110
2022-02-24T23:00:00-05:00,1.12171,1.12284,1.12159,1.12216,3981
2022-02-25T00:00:00-05:00,1.12215,1.12255,1.12141,1.12253,3164
2022-02-25T01:00:00-05:00,1.12252,1.12253,1.12006,1.12018,4324
2022-02-25T02:00:00-05:00,1.12019,1.1222,1.11968,1.12099,10802
2022-02-25T03:00:00-05:00,1.121,1.1215,1.117,1.11774,16051
2022-02-25T04:00:00-05:00,1.11773,1.1188,1.11694,1.11811,11421
2022-02-25T05:00:00-05:00,1.11812,1.11831,1.11658,1.11801,9409
2022-02-25T06:00:00-05:00,1.118,1.11868,1.1168,1.11851,8758
2022-02-25T07:00:00-05:00,1.11852,1.12367,1.11835,1.12211,17694
2022-02-25T08:00:00-05:00,1.12212,1.12414,1.12118,1.12365,17178
2022-02-25T09:00:00-05:00,1.12366,1.12495,1.12185,1.12321,16332
2022-02-25T10:00:00-05:00,1.1232,1.12507,1.12317,1.1244,17542
2022-02-25T11:00:00-05:00,1.12441,1.12668,1.12386,1.12588,12688
2022-02-25T12:00:00-05:00,1.12589,1.12617,1.12349,1.12405,7235
2022-02-25T13:00:00-05:00,1.12406,1.12603,1.12406,1.12566,5459
2022-02-25T14:00:00-05:00,1.12567,1.12657,1.12495,1.12633,4531
2022-02-25T15:00:00-05:00,1.12632,1.12708,1.12579,1.12656,7215
2022-02-25T16:00:00-05:00,1.12655,1.12739,1.12643,1.12672,2216
2022-02-27T17:00:00-05:00,1.11376,1.11575,1.11341,1.115,8111
2022-02-27T18:00:00-05:00,1.11499,1.11877,1.11485,1.11798,16035
2022-02-27T19:00:00-05:00,1.118,1.11943,1.11786,1.11818,9814
2022-02-27T20:00:00-05:00,1.11819,1.11858,1.11591,1.11709,13501
2022-02-27T21:00:00-05:00,1.1171,1.11737,1.11458,1.11572,8496
2022-02-27T22:00:00-05:00,1.11571,1.11606,1.1149,1.11508,5720
2022-02-27T23:00:00-05:00,1.11508,1.11528,1.1142,1.11456,4661
2022-02-28T00:00:00-05:00,1.11457,1.11584,1.11445,1.11562,3777
2022-02-28T01:00:00-05:00,1.11561,1.11679,1.11543,1.11586,7060
2022-02-28T02:00:00-05:00,1.11587,1.11998,1.11555,1.11895,18607
2022-02-28T03:00:00-05:00,1.11894,1.11963,1.11639,1.11787,16601
2022-02-28T04:00:00-05:00,1.11786,1.11851,1.11648,1.11778,12720
2022-02-28T05:00:00-05:00,1.11777,1.12319,1.11776,1.12287,13511
2022-02-28T06:00:00-05:00,1.12286,1.12287,1.1189,1.11989,12654
2022-02-28T07:00:00-05:00,1.1199,1.12079,1.11911,1.11926,11313
2022-02-28T08:00:00-05:00,1.11927,1.12166,1.1179,1.12123,16248
2022-02-28T09:00:00-05:00,1.12124,1.12295,1.12046,1.12219,12460
2022-02-28T10:00:00-05:00,1.12218,1.12363,1.12005,1.12316,19584
2022-02-28T11:00:00-05:00,1.12315,1.12463,1.12166,1.12242,17612
2022-02-28T12:00:00-05:00,1.12241,1.12282,1.11972,1.12047,9226
2022-02-28T13:00:00-05:00,1.12048,1.12157,1.12033,1.12149,5529
2022-02-28T14:00:00-05:00,1.12148,1.12235,1.12036,1.12222,6534
2022-02-28T15:00:00-05:00,1.12223,1.12229,1.12088,1.12101,6932
2022-02-28T16:00:00-05:00,1.12102,1.12197,1.12098,1.1216,1447
2022-02-28T17:00:00-05:00,1.12155,1.12202,1.12151,1.12195,518
2022-02-28T18:00:00-05:00,1.12194,1.12194,1.12142,1.12142,957
2022-02-28T19:00:00-05:00,1.12141,1.12145,1.12052,1.12055,2592
2022-02-28T20:00:00-05:00,1.12056,1.12103,1.12016,1.12017,2901
2022-02-28T21:00:00-05:00,1.12018,1.12052,1.11929,1.11963,3287
2022-02-28T22:00:00-05:00,1.11962,1.1201,1.1192,1.1192,2525
2022-02-28T23:00:00-05:00,1.11919,1.11996,1.11905,1.11965,1828
2022-03-01T00:00:00-05:00,1.11962,1.12029,1.11936,1.11959,2438
2022-03-01T01:00:00-05:00,1.1196,1.12075,1.11943,1.12057,3239
2022-03-01T02:00:00-05:00,1.12056,1.12297,1.12048,1.12295,8671
2022-03-01T03:00:00-05:00,1.12294,1.1233,1.12115,1.12265,10604
2022-03-01T04:00:00-05:00,1.12266,1.12293,1.11898,1.11963,12721
2022-03-01T05:00:00-05:00,1.11962,1.11985,1.11661,1.11813,14292
2022-03-01T06:00:00-05:00,1.11812,1.11859,1.1173,1.11756,11254
2022-03-01T07:00:00-05:00,1.11755,1.11804,1.11559,1.11601,9550
2022-03-01T08:00:00-05:00,1.11602,1.11699,1.11403,1.11599,13950
